Q,level,concept,pairs
0.3217890989,1,1,"(1,1)"
0.3116677422,3,2,"(3,1)"
0.3062418471,2,3,"(2,1)"
0.3002738327,1,4,"(1,2)"
0.288632216,2,5,"(2,2)"
0.2728550351,3,6,"(3,2)"
0.2697632834,2,7,"(2,3)"
0.2600926962,2,8,"(2,4)"
0.2597414769,2,9,"(2,5)"
0.2535514355,1,10,"(1,3)"
0.2322973441,3,11,"(3,3)"
0.2278689178,4,12,"(4,1)"
0.2235244885,4,13,"(4,2)"
0.216895874,2,14,"(2,6)"
0.2155448426,4,15,"(4,3)"
